{"0.0,7.0": [[-0.14381568782479437, 0.14741269596245843]], "0.0,8.0": [[-0.14192885447249448, -0.03745044973771883]], "1.0,8.0": [[0.06067253678358864, 0.0634508403820746]], "2.0,8.0": [[0.12648402716360696, -0.024885010111432848]]}