{"0.0,175.0": [[-0.039626373358049416, 0.12118717302007553]], "0.0,174.0": [[-0.035926854801206554, 0.11665640609828642]], "0.0,173.0": [[-0.0016097019372665992, 0.09362471443284903]], "0.0,172.0": [[-0.03665244980099902, 0.4321061514269786]], "0.0,171.0": [[-0.02837627484859484, 0.40364915831446524]], "0.0,176.0": [[-0.05281913684929129, 0.10519434639638803]], "0.0,177.0": [[-0.02705042502142263, 0.06829365319123326]], "0.0,178.0": [[-0.03164920395334536, 0.06793404051586549]], "0.0,182.0": [[-0.032481655182257096, 0.22287335037356115]], "0.0,181.0": [[-0.04637366719376734, 0.250819265475684]], "0.0,151.0": [[-0.016542461871942082, -0.2449715462757922]]}