{"-18.0,-120.0": [[0.07339423835372116, -0.17050649870506618]], "-2.0,101.0": [[-0.05202113451180734, -0.05365417953737506]], "14.0,161.0": [[-0.008013988196768906, -0.17746890691097406]]}