{"1.0,-162.0": [[0.1751382094354429, -0.13027275194568233]], "3.0,-162.0": [[0.46201968416278993, -0.07407084708069078]], "4.0,-162.0": [[0.46369208613663826, -0.08196756526103854]], "5.0,-162.0": [[0.5102599432586921, -0.10738692954461726]], "0.0,174.0": [[0.3381918403674421, 0.3213286713182697]], "1.0,174.0": [[0.23077862826897516, 0.10378186696340208]], "2.0,174.0": [[0.3052380151461892, 0.0696396956946046]], "3.0,174.0": [[0.272871886828026, 0.014516543998979614]], "4.0,174.0": [[0.23142240698409156, 0.1099672065038817]], "0.0,163.0": [[0.17984160441977146, 0.06263856177992011]], "1.0,162.0": [[0.11608159864032286, -0.1096868461816598]], "2.0,162.0": [[0.24854341046150186, -0.1036164744853636]], "4.0,162.0": [[0.42485673044880956, -0.11522273301591213]], "0.0,118.0": [[0.041381685592552675, 0.12602424657313804]], "1.0,96.0": [[-0.061890437558853595, -0.05175831393160024]], "2.0,97.0": [[0.14302371509643752, -0.003141073055076049]], "2.0,96.0": [[0.0005192811350243076, -0.08226596244708162]], "5.0,96.0": [[0.520626203749647, -0.18047412839206345]], "1.0,60.0": [[-0.14216307755323565, 0.005464198902757289]], "0.0,34.0": [[-0.06885527879949893, 0.03134093626408685]], "1.0,34.0": [[0.0015416749809746833, -0.07330961336009523]], "2.0,34.0": [[0.006400118299251689, -0.054531357209100406]], "3.0,33.0": [[0.3339479995093786, -0.06526495669183419]], "0.0,26.0": [[0.06704716076827966, 0.018262278812301247]], "1.0,25.0": [[-0.01267824403643858, -0.09796570593874776]], "3.0,25.0": [[0.329125959908914, -0.02098550105358754]], "4.0,25.0": [[0.41972463957723694, -0.03906258095304338]], "0.0,24.0": [[0.06622281015046252, -0.021650125662347364]], "1.0,24.0": [[0.1954665878802717, -0.05474330284133089]], "2.0,24.0": [[0.2677034355205339, -0.09871303275741639]], "0.0,-7.0": [[-0.04538041666093773, -0.11907396337966247]], "1.0,-7.0": [[0.10508178869296753, -0.09869817092192079]], "2.0,-7.0": [[0.3029464034570333, -0.08144840491718242]], "3.0,-7.0": [[0.3741890821162688, -0.11370305403733028]], "0.0,-34.0": [[0.05282447582046371, -0.04221197047888836]], "1.0,-34.0": [[0.10509895674394332, -0.002744141466592964]], "2.0,-33.0": [[0.10719844321176453, 0.04541558056067174]], "1.0,164.0": [[0.32504916145488344, -0.04416264550076221]], "0.0,159.0": [[-0.05520857206685026, -0.057246006337948074]], "1.0,159.0": [[0.03941095861724642, -0.05380985302838326]], "2.0,159.0": [[0.11185087064770416, -0.03716976427233476]], "0.0,155.0": [[-0.06738046263849684, -0.09763002378417696]], "1.0,155.0": [[-0.02716891877978833, 0.05045886210939443]], "1.0,122.0": [[0.18095143967392402, -0.14465733447872253]], "0.0,111.0": [[-0.06374091570887108, 0.09486747980776045]], "0.0,101.0": [[-0.05061332464052393, -0.11570240456097736]], "0.0,79.0": [[0.03327725633733386, -0.06482555187676553]], "1.0,79.0": [[-0.08803796342963288, -0.09955080432234809]], "0.0,52.0": [[0.04627423635719094, 0.058672253368968086]], "1.0,52.0": [[-0.19368830071129373, -0.01667981768363802]], "2.0,51.0": [[0.36194634816557203, -0.12101102214899129]], "0.0,33.0": [[-0.060251222366270674, 0.034023113038301744]], "1.0,33.0": [[-0.038237638086348946, 0.08345516591089108]], "0.0,22.0": [[0.04267273732027532, 0.08053607565793186]], "0.0,0.0": [[0.07006543475575938, -0.13022192853864567]], "1.0,-11.0": [[-0.007244190028830699, -0.0875294579792012]], "1.0,-12.0": [[-0.00896442155927113, -0.06853549163858474]], "0.0,-22.0": [[0.08463998017769081, -0.052496747475856864]], "1.0,-22.0": [[0.08129504958737449, -0.0145937581230271]], "1.0,-23.0": [[-0.005176398198893484, -0.08996274755031664]], "2.0,-23.0": [[0.2188348433660008, 0.035269396982329226]], "0.0,12.0": [[-0.020770425904777734, -0.07193567722944749]], "0.0,-63.0": [[0.021055418209017268, 0.05794861853590305]], "0.0,-48.0": [[0.11081475830398263, 0.03739601447537666]], "1.0,-48.0": [[-0.1461235316566707, -0.021077770752015113]], "0.0,-47.0": [[0.05444578708859321, -0.17433911084873444]], "1.0,-46.0": [[0.1284754479710818, 0.17046024399979842]], "0.0,-75.0": [[-0.09008912288048054, -0.07207873389357644]], "1.0,-75.0": [[-0.15046385252508832, -0.00044825005855386735]], "0.0,-70.0": [[-0.06585468919228832, -0.05174165625643923]], "0.0,-71.0": [[0.02136057378091992, -0.17677062763026186]], "1.0,-71.0": [[0.0013755963609107802, 0.05272972385101582]], "2.0,-70.0": [[0.16650827423599734, 0.07142325944566608]], "0.0,-69.0": [[0.020633101659337003, -0.15894360477005876]], "0.0,-95.0": [[0.15968851714894117, -0.03667725346564055]], "0.0,-80.0": [[0.015788530058604644, -0.1738158821282667]], "1.0,-80.0": [[0.08429755717219833, -0.12369565786684689]], "2.0,-80.0": [[0.1797853256322719, 0.048887311040928694]], "0.0,-102.0": [[-0.005256526433308706, 0.14522451400036118]], "1.0,-102.0": [[0.11185286537513928, -0.001967951491295139]], "2.0,-102.0": [[0.14335972911812234, -0.019145208575565675]], "4.0,-103.0": [[0.5407178107959956, -0.14298834223241386]], "3.0,83.0": [[0.03723885829953977, 0.11326931164387588]], "3.0,82.0": [[0.005727462282174134, -0.06995887881953422]], "4.0,82.0": [[0.14124954142132795, 0.10216498616330227]], "5.0,83.0": [[0.3794972103145522, 0.1813775887145539]], "6.0,83.0": [[0.39123577669507803, 0.024664823122463986]], "4.0,85.0": [[0.12531567554591394, 0.09284392813015074]], "0.0,85.0": [[-0.1354450174615933, 0.137207101764659]], "0.0,86.0": [[-0.07181582052344967, 0.22814382842102532]], "0.0,87.0": [[-0.09740032219754541, -0.11458070940170728]], "7.0,88.0": [[0.5769679218494028, 0.11727822299832269]], "1.0,86.0": [[-0.10926497463263973, 0.08605148132727436]], "1.0,85.0": [[-0.046902708439221064, -0.12119117659926815]], "2.0,85.0": [[0.11388623377014362, 0.08245339517168304]], "0.0,-111.0": [[-0.40719699387583286, -0.24253101811879674]], "1.0,-110.0": [[-0.009856891341094687, 0.15923922902916843]], "0.0,-110.0": [[-0.15210867942735895, -0.2338035520440087]], "1.0,-111.0": [[0.08199469758215927, 0.00034524166868266093]], "2.0,-111.0": [[0.3044878550786052, -0.03229914217568819]], "5.0,-111.0": [[0.6203773076994823, -0.11175613058436795]], "4.0,-60.0": [[-0.19054196649361543, 0.19255488538507848]], "5.0,-59.0": [[-0.014021185109703183, 0.19223579123590184]], "5.0,-58.0": [[-0.08167157315985474, 0.1601782452142544]], "6.0,-58.0": [[0.05800199275372897, 0.053733776744820716]], "-8.0,71.0": [[-0.05199426568737131, 0.03362365768902009]], "-8.0,72.0": [[-0.005923369819991642, 0.08323118882304925]], "-7.0,73.0": [[0.1351031086774963, 0.1126109643853681]], "-6.0,73.0": [[0.17396943346229055, 0.09005439871583576]], "-5.0,73.0": [[0.2551009853574717, 0.07547325667246696]], "-4.0,73.0": [[0.0682597247987573, 0.05118943519786967]], "-3.0,71.0": [[-0.06281130235064758, -0.02336940644858032]], "-2.0,71.0": [[-0.18477714301326587, -0.10109212610191776]], "1.0,71.0": [[0.19893392942520727, -0.1351037009056597]], "0.0,90.0": [[-0.05609619681658376, -0.07679461056301307]], "0.0,89.0": [[-0.029473174206485625, -0.19610971243241693]], "0.0,88.0": [[0.013903632431556207, -0.2351401776574562]], "2.0,87.0": [[-0.3569970530765705, -0.012314286770390481]], "3.0,87.0": [[0.23839247933984664, -0.03761395131897416]], "1.0,84.0": [[-0.11736625120786459, -0.29414933270129495]], "2.0,84.0": [[0.06494589139529294, -0.16983438238747794]], "-7.0,85.0": [[-0.12687551675610553, -0.057989684382903306]], "-7.0,86.0": [[-0.16578292123888083, 0.08036373227872673]], "-7.0,87.0": [[-0.193615714249197, 0.16991379624505498]], "-6.0,87.0": [[0.07657473261553172, 0.28702591749936346]], "-6.0,88.0": [[-0.09004122330883213, 0.15158411241839076]], "-7.0,88.0": [[-0.3302922863180262, 0.08770066372574092]], "-5.0,88.0": [[0.2711537919156539, 0.10264394811667898]], "0.0,38.0": [[-0.05898168398122358, -0.09035416377406591]], "0.0,39.0": [[0.039180055190491864, 0.11962359574417292]], "0.0,40.0": [[0.05775147224092797, 0.18017118043869118]], "1.0,40.0": [[-0.056119485617536546, 0.07216525070381863]], "2.0,40.0": [[0.11849889862301688, 0.011399184477852486]], "-1.0,52.0": [[-0.00975649835431125, -0.17055154640775072]],