{"0.0,28.0": [[0.013249726835619285, 0.06869179379671664]], "0.0,32.0": [[-0.019155056133432796, 0.13310292843655702]], "0.0,30.0": [[-0.029559113071486592, -0.10723982168434532]], "-6.0,15.0": [[0.09690247491094706, -0.33647859597155616]], "-6.0,16.0": [[-0.01794666078198759, 0.10606440127841665]], "-6.0,17.0": [[0.02279065741662123, 0.08470484439138204]], "-6.0,18.0": [[0.042834224768210305, 0.13297686525751828]], "-6.0,19.0": [[-0.012791243932854357, 0.10478601814875788]], "-6.0,20.0": [[-0.022621097267498058, 0.0881730436757664]], "-6.0,21.0": [[0.06392307815829668, -0.07503432326882375]], "-6.0,22.0": [[-0.004950259227623377, 0.06605711369979872]], "-5.0,20.0": [[0.09960327076591291, -0.09634688652135992]]}