{"1.0,-127.0": [[0.14206910598116346, -0.0988876957570568]], "0.0,-108.0": [[-0.05893112413619028, -0.04304253489904397]], "1.0,-108.0": [[-0.05167564238924682, 0.03746603812551541]], "0.0,-109.0": [[0.0017265077791610017, -0.0796641813806076]], "1.0,-109.0": [[-0.05945505093125236, 0.08955872432730416]], "0.0,-110.0": [[0.09188532456399773, -0.03128016521134214]], "0.0,-82.0": [[-0.054917259324728795, 0.017536961473226143]], "1.0,-82.0": [[-0.05250640610353663, -0.04183447287314834]], "1.0,-172.0": [[0.07513503794930687, -0.18018462791692968]], "2.0,-172.0": [[0.2508093165611651, -0.019926256188142588]], "4.0,-172.0": [[0.40636157788264704, -0.09180709529860565]], "0.0,-156.0": [[-0.031586485914230245, -0.05318168789264632]], "1.0,-156.0": [[-0.05319867398734901, -0.03221208874106196]], "2.0,-156.0": [[0.1475566957090253, 0.06220292580113096]], "1.0,-157.0": [[0.12413833018968878, 0.018063991730798534]], "2.0,-158.0": [[0.10234592955424526, -0.002489428109072378]], "0.0,-130.0": [[0.08893581516422239, 0.027389639722372294]], "0.0,142.0": [[-0.17875766893381817, -0.012879300747840716]], "2.0,142.0": [[0.16384715335393096, 0.030804928793315867]], "3.0,142.0": [[0.2117340875758429, 0.010563585610157133]], "0.0,125.0": [[-0.08531487576874941, -0.03349276412461677]], "1.0,125.0": [[-0.15908364163173827, -0.03440153206861396]], "0.0,-59.0": [[-0.06624969565243966, 0.01814534773569676]], "0.0,-93.0": [[-0.058008636302872674, 0.07725528427347683]], "0.0,-94.0": [[-0.017483870078993657, 0.06002627056979293]], "0.0,-95.0": [[-0.021373562422070114, 0.056176699668583296]], "0.0,-100.0": [[-0.02421012718344473, -0.05570162166563364]]}