{"-3.0,94.0": [[-0.026732719523654414, 0.08917874281354443]], "-2.0,95.0": [[0.1507287278364675, 0.030443019218466816]], "-3.0,95.0": [[-0.1256892102963798, 0.0457528357976571]]}