{"-5.0,-91.0": [[-0.06239105786285837, -0.09599570125929802]], "-5.0,-92.0": [[-0.11019067734800903, 0.23618485656633936]], "-4.0,-91.0": [[0.15841975291819477, -0.03943478774435505]], "-3.0,-91.0": [[0.12420651827688545, 0.2784621830475231]], "1.0,-93.0": [[1.0, -0.11847550369215298]]}