{"0.0,-94.0": [[-0.07432850936661684, 0.12908810179793306]], "0.0,-95.0": [[-0.08141763175407224, 0.22802238079259496]], "0.0,-111.0": [[-0.05307489432897583, 0.09738619660684833]], "0.0,-112.0": [[-0.04984827854941987, 0.07442579402753324]], "0.0,-116.0": [[0.008118065001390118, -0.0724976878196486]], "0.0,-117.0": [[0.01847048504781837, -0.06025561129013113]], "0.0,-118.0": [[0.004750076098810507, -0.05746964587510206]], "0.0,-119.0": [[-0.052265173402754606, -0.06322877337329658]], "0.0,-127.0": [[0.00634939954097935, -0.13815087749890154]], "0.0,-128.0": [[0.007751602800006974, -0.05200286523427167]], "0.0,-126.0": [[-0.01808231497945617, -0.1298210307950569]], "0.0,-125.0": [[0.01823681224794005, -0.22569863566093318]], "0.0,-98.0": [[-0.034526387030472616, 0.15390926986830777]], "0.0,-97.0": [[0.028957696338380856, -0.05132324990297832]]}