{"-5.0,108.0": [[-0.0001700028056550451, 0.0626327005355165], [-0.011339139962962319, 0.06265420218234112]], "-2.0,110.0": [[0.00011746400700873849, 0.0649854844673996]], "16.0,-167.0": [[0.04527346932270149, -0.06547473405714754]], "-3.0,-3.0": [[-0.12200114701227527, -0.055941562703054615]], "-1.0,-3.0": [[0.20833688082770419, 0.03291557085503882]], "4.0,-119.0": [[0.5106976864385522, 0.008836556162549414]], "5.0,-119.0": [[0.3624076035008663, -0.18880082319816438]]}