{"0.0,99.0": [[-0.0015716885400719471, 0.3577315729557995]], "0.0,152.0": [[-0.019088464456188392, 0.1615501720108341]], "0.0,140.0": [[-0.03296663746674233, -0.3425602531581262]], "0.0,139.0": [[-0.06264058233073744, -0.024242539299962118]], "0.0,138.0": [[-0.07613379813634102, -0.025641104765099954]], "0.0,137.0": [[-0.06822332017926014, -0.034341494331386]], "0.0,132.0": [[-0.030401912238799955, -0.19742459864892226]], "0.0,131.0": [[-0.05637791837981054, -0.235958878690667]]}